family,family_label,variant,k,multiplier,ref,h,capacity,flux_L2_vs_exact,CG_flux_L2_vs_exact,NLR_flux_L2_vs_exact,flux_L2_vs_CG_targets_face,flux_RMSE_vs_CG_targets_face,flux_L2_vs_exact_faces,lambda_h_L2_error,R_tau_lambda_h_RHS_mean,R_tau_lambda_h_RHS_max,R_tau_exact_lambda_RHS_mean,R_tau_exact_lambda_RHS_max,train_wall_s,n_params,seed,seed_retry,adam_steps,lbfgs_steps,element_quadrature_order,face_quadrature_order,line_quadrature_order,final_normalized_loss,potential_weight,pointwise_weight,training_objective,R_xi_interior_lambda_h_RHS_n,R_xi_interior_lambda_h_RHS_mean,R_xi_interior_lambda_h_RHS_max,R_xi_cut_lambda_h_RHS_n,R_xi_cut_lambda_h_RHS_mean,R_xi_cut_lambda_h_RHS_max,R_xi_adjacent_lambda_h_RHS_n,R_xi_adjacent_lambda_h_RHS_mean,R_xi_adjacent_lambda_h_RHS_max,R_xi_boundary_lambda_h_RHS_n,R_xi_boundary_lambda_h_RHS_mean,R_xi_boundary_lambda_h_RHS_max,R_xi_source_lambda_h_RHS_n,R_xi_source_lambda_h_RHS_mean,R_xi_source_lambda_h_RHS_max,R_xi_interior_exact_lambda_RHS_n,R_xi_interior_exact_lambda_RHS_mean,R_xi_interior_exact_lambda_RHS_max,R_xi_cut_exact_lambda_RHS_n,R_xi_cut_exact_lambda_RHS_mean,R_xi_cut_exact_lambda_RHS_max,R_xi_adjacent_exact_lambda_RHS_n,R_xi_adjacent_exact_lambda_RHS_mean,R_xi_adjacent_exact_lambda_RHS_max,R_xi_boundary_exact_lambda_RHS_n,R_xi_boundary_exact_lambda_RHS_mean,R_xi_boundary_exact_lambda_RHS_max,R_xi_source_exact_lambda_RHS_n,R_xi_source_exact_lambda_RHS_mean,R_xi_source_exact_lambda_RHS_max,face_weight,loss_variant,face_pieces,unique_face_endpoints,pointwise_collocation_n_axis,pointwise_collocation_points,fit_face_L2_vs_CG,fit_face_RMSE_vs_CG,fit_face_max_vs_CG,fit_face_normalized_mse_vs_CG,fit_pointwise_L2_vs_CG,fit_pointwise_RMSE_vs_CG,fit_pointwise_max_vs_CG,fit_pointwise_normalized_mse_vs_CG,R_xi_lambda_h_RHS_worst_max,final_weighted_normalized_loss,source,paper_role,analysis_sentence
R1,conforming_k1_P0,conforming_tri,1,P0,3,0.125,SMALL,12.00214238594258,0.5613046223463769,0.5567328494052238,0.2972964138187842,0.014045935297068738,0.3096824295893549,0.4599826653029961,1.8775671122017723e-16,1.0824674490095276e-15,0.003286205466192827,0.05257928745911142,14.512996257995837,2753,1729,False,2000,500,10,32,12,0.02296962756418818,0.0,0.0,integrated_dual_face_flux_only,42,1.2556093730879746e-16,3.885780586188048e-16,7,1.1399611413561874e-16,2.220446049250313e-16,0,N/A,N/A,32,1.208207795963534e-16,9.575673587391975e-16,0,N/A,N/A,42,1.2556093730879746e-16,3.885780586188048e-16,7,0.024426537775643863,0.04927079106505,0,N/A,N/A,32,0.001805796674788752,0.028892746796620995,0,N/A,N/A,1.0,face_only,N/A,N/A,N/A,N/A,N/A,N/A,N/A,N/A,N/A,N/A,N/A,N/A,N/A,N/A,N/A,N/A,N/A
R1,conforming_k1_P0,conforming_tri,1,P0,4,0.0625,SMALL,0.3442927995041692,0.28078780155722477,0.28018769283080774,0.1341826556924411,0.0032894229796223994,0.1076114018209545,0.202931635790329,9.054824557795833e-17,1.790234627208065e-15,0.0003704266842382906,0.010754334532176592,20.721053349989234,2753,1729,False,2000,500,10,32,12,0.005625521396074858,0.0,0.0,integrated_dual_face_flux_only,210,4.625103210473401e-17,2.2898349882893854e-16,15,3.9898639947466563e-17,1.942890293094024e-16,0,N/A,N/A,64,2.7126230135818968e-17,2.0122792321330962e-16,0,N/A,N/A,210,4.625103210473401e-17,2.2898349882893854e-16,15,0.0031693792658447034,0.007641151262743229,0,N/A,N/A,64,8.982208590107874e-05,0.0028743067488337715,0,N/A,N/A,1.0,face_only,N/A,N/A,N/A,N/A,N/A,N/A,N/A,N/A,N/A,N/A,N/A,N/A,N/A,N/A,N/A,N/A,N/A
R1,conforming_k1_P0,conforming_tri,1,P0,5,0.03125,SMALL,0.04256529971397852,0.14040778841329762,0.1403319658457428,0.07406634287721603,0.0009258292859652005,0.025188228859078364,0.09695090232175953,4.39315755675811e-17,1.6531914726058972e-15,4.398935459253268e-05,0.0023917389747434986,30.90264410400414,2753,1729,False,2000,500,10,32,12,0.002005822792246123,0.0,0.0,integrated_dual_face_flux_only,930,2.3204374689643795e-17,1.734723475976807e-16,31,2.4398046307286706e-17,9.71445146547012e-17,0,N/A,N/A,128,1.5374468555833204e-17,1.3574211199518516e-16,0,N/A,N/A,930,2.3204374689643795e-17,1.734723475976807e-16,31,0.0004146113123575619,0.00098954505978871,0,N/A,N/A,128,5.168456570824084e-06,0.00033078122053285076,0,N/A,N/A,1.0,face_only,N/A,N/A,N/A,N/A,N/A,N/A,N/A,N/A,N/A,N/A,N/A,N/A,N/A,N/A,N/A,N/A,N/A
R1,conforming_k1_P0,conforming_tri,1,P0,6,0.015625,SMALL,0.031296321401818386,0.07020619062143045,0.07019668991736192,0.03748472652248119,0.0002366580742408007,0.018184304266663218,0.04787018803498494,2.0417159679713167e-17,1.7792841852659613e-15,5.421058258973994e-06,0.0005679805735319416,100.46558865900442,2753,1729,False,2000,500,10,32,12,0.0005681439265116167,0.0,0.0,integrated_dual_face_flux_only,3906,1.4461056516869998e-17,9.141992718397773e-16,63,1.1017774338926603e-17,5.204170427930421e-17,0,N/A,N/A,256,1.000756854035645e-17,4.439265795241898e-16,0,N/A,N/A,3906,1.4461056516869998e-17,9.141992718397773e-16,63,5.247176078632802e-05,0.0001246557795162792,0,N/A,N/A,256,3.125626221654973e-07,4.0008015636548365e-05,0,N/A,N/A,1.0,face_only,N/A,N/A,N/A,N/A,N/A,N/A,N/A,N/A,N/A,N/A,N/A,N/A,N/A,N/A,N/A,N/A,N/A
R1,conforming_k1_P0,conforming_tri,1,P0,7,0.0078125,SMALL,0.03006025660087292,0.03510343471985616,0.0351022464558728,0.023104675251671144,7.331013566700603e-05,0.016994559352416328,0.023857626921950533,1.0267963575471466e-17,5.815660453212246e-16,6.751724525566251e-07,0.0001386560152050742,411.00918657500006,2753,1729,False,2000,500,10,32,12,0.0002285164036628596,0.0,0.0,integrated_dual_face_flux_only,16002,5.973948380676392e-18,5.659535340374333e-17,127,6.785854392035597e-18,3.469446951953614e-17,0,N/A,N/A,512,4.4546420157662685e-18,5.2705778109951584e-17,0,N/A,N/A,16002,5.973948380676392e-18,5.659535340374333e-17,127,6.58299554001878e-06,1.5611314568605983e-05,0,N/A,N/A,512,1.9255226506042608e-08,4.929337985116302e-06,0,N/A,N/A,1.0,face_only,N/A,N/A,N/A,N/A,N/A,N/A,N/A,N/A,N/A,N/A,N/A,N/A,N/A,N/A,N/A,N/A,N/A
R2,conforming_k2_P1,conforming_tri,2,P1,3,0.125,SMALL,0.10650650942287572,0.044308307001076325,0.052241957804563595,0.02955588976189279,0.0007245483588340795,0.02794564170148103,0.11419614716720546,7.001913571653752e-05,0.0005977754227293186,0.0006761505825708819,0.008757006829440299,19.86743896199914,2753,1729,False,2000,500,10,32,12,0.0002604679029989331,0.0,0.0,integrated_dual_face_flux_only,210,4.8977026138411855e-17,3.0184188481996443e-16,15,3.81928285294227e-17,1.1102230246251565e-16,0,N/A,N/A,64,3.6044640037459497e-17,2.8622937353617317e-16,0,N/A,N/A,210,4.8977026138411855e-17,3.0184188481996443e-16,15,0.005015464548397731,0.013081533968055947,0,N/A,N/A,64,0.0003507986906829177,0.011225558101852275,0,N/A,N/A,1.0,face_only,N/A,N/A,N/A,N/A,N/A,N/A,N/A,N/A,N/A,N/A,N/A,N/A,N/A,N/A,N/A,N/A,N/A
R2,conforming_k2_P1,conforming_tri,2,P1,4,0.0625,SMALL,0.03296239760084356,0.010740529048658498,0.012767760907762408,0.019150233498766225,0.00023937791873457782,0.018788708208536672,0.021812905244238723,7.30084521311811e-06,0.0001641675947079077,2.4512877760830388e-05,0.0007506931175545994,39.97623769000347,2753,1729,False,2000,500,10,32,12,0.00013257130545798817,0.0,0.0,integrated_dual_face_flux_only,930,2.5398426827942416e-17,4.631711680858075e-16,31,2.1874653186485765e-17,9.020562075079397e-17,0,N/A,N/A,128,1.984587607504985e-17,1.7737547541862853e-16,0,N/A,N/A,930,2.5398426827942416e-17,4.631711680858075e-16,31,0.0005077936835094363,0.0015526729365732128,0,N/A,N/A,128,1.8597360828542567e-05,0.0011902310930283972,0,N/A,N/A,1.0,face_only,N/A,N/A,N/A,N/A,N/A,N/A,N/A,N/A,N/A,N/A,N/A,N/A,N/A,N/A,N/A,N/A,N/A
R2,conforming_k2_P1,conforming_tri,2,P1,5,0.03125,SMALL,0.03232890804647086,0.0026649289401681144,0.0031768126350363406,0.018570602866874765,0.00011724463587401329,0.01853385205038458,0.005037176563584321,8.717331450831425e-07,4.2609250700428175e-05,1.3928573644455787e-06,8.302924271437642e-05,111.2129488930077,2753,1729,False,2000,500,10,32,12,0.00013906101544519585,0.0,0.0,integrated_dual_face_flux_only,3906,1.6073782960759112e-17,1.332701310419182e-15,63,1.226008932823291e-17,6.245004513516506e-17,0,N/A,N/A,256,2.937937086273991e-17,2.2317217518441623e-15,0,N/A,N/A,3906,1.6073782960759112e-17,1.332701310419182e-15,63,5.946297566939749e-05,0.00018875170099485333,0,N/A,N/A,256,1.1104660467920136e-06,0.00014213965416808193,0,N/A,N/A,1.0,face_only,N/A,N/A,N/A,N/A,N/A,N/A,N/A,N/A,N/A,N/A,N/A,N/A,N/A,N/A,N/A,N/A,N/A
R2,conforming_k2_P1,conforming_tri,2,P1,6,0.015625,SMALL,0.031188766265047036,0.0006637322050116913,0.0007923780576824604,0.01756135053169382,5.572140599038299e-05,0.017559638615248677,0.0012277416094934918,1.0773189552840236e-07,1.0754778104289306e-05,1.2386843213166533e-07,1.206549309387163e-05,400.05504743200436,2753,1729,False,2000,500,10,32,12,0.000131929373516667,0.0,0.0,integrated_dual_face_flux_only,16002,5.889363020547043e-18,1.109138822452671e-16,127,5.453011367001744e-18,2.42861286636753e-17,0,N/A,N/A,512,4.731096219636724e-18,4.9439619065339e-17,0,N/A,N/A,16002,5.889363020547043e-18,1.109138822452671e-16,127,7.3291199423354026e-06,2.3370638427770707e-05,0,N/A,N/A,512,6.858440189205072e-08,1.755760689130469e-05,0,N/A,N/A,1.0,face_only,N/A,N/A,N/A,N/A,N/A,N/A,N/A,N/A,N/A,N/A,N/A,N/A,N/A,N/A,N/A,N/A,N/A
R2,conforming_k2_P1,conforming_tri,2,P1,7,0.0078125,SMALL,0.031632534502854893,0.00016558980375475083,0.00019784100235916094,0.017433116069835455,2.772882015835874e-05,0.0174330700118985,0.000304133255341855,1.3428276256751417e-08,2.695194341967473e-06,1.393135126113188e-08,2.776980454240706e-06,965.3438794239919,2753,1729,False,2000,500,10,32,12,0.00013409107743133364,0.0,0.0,integrated_dual_face_flux_only,64770,3.00339156207498e-18,3.7743788129651623e-17,255,3.316352390133064e-18,1.5612511283791264e-17,0,N/A,N/A,1024,2.2042546822988324e-18,2.7887712755400584e-17,0,N/A,N/A,64770,3.00339156207498e-18,3.7743788129651623e-17,255,9.186476727462742e-07,2.963707860469491e-06,0,N/A,N/A,1024,4.2734045286270744e-09,2.187983119085014e-06,0,N/A,N/A,1.0,face_only,395264,329216,N/A,N/A,N/A,N/A,N/A,N/A,N/A,N/A,N/A,N/A,N/A,N/A,N/A,N/A,N/A
R1,conforming_k1_P0,conforming_tri,1,P0,3,0.125,SMALL,12.00214238594258,0.5613046223463769,0.5567328494052238,N/A,N/A,N/A,N/A,N/A,N/A,N/A,N/A,14.512996257995837,2753,1729,N/A,2000,500,10,32,12,N/A,0.0,0.0,loss_ablation_face_only,42,1.2556093730879746e-16,3.885780586188048e-16,7,1.1399611413561874e-16,2.220446049250313e-16,0,N/A,N/A,32,1.208207795963534e-16,9.575673587391975e-16,0,N/A,N/A,42,1.2556093730879746e-16,3.885780586188048e-16,7,0.024426537775643863,0.04927079106505,0,N/A,N/A,32,0.001805796674788752,0.028892746796620995,0,N/A,N/A,1.0,face_only,N/A,N/A,48,2304,0.2972964138187842,0.014045935297068738,0.049653844952131654,0.02296962756418818,576.5791526290312,8.493813098224612,33.948191355514965,23.115298656965322,9.575673587391975e-16,0.02296962756418818,reused production face-only run,N/A,N/A
R1,conforming_k1_P0,conforming_tri,1,P0,3,0.125,SMALL,0.21169940784918068,0.5613046223463769,0.5567328494052238,N/A,N/A,N/A,N/A,N/A,N/A,N/A,N/A,43.256419375000405,2753,1729,N/A,2000,500,10,32,12,N/A,0.0,1.0,loss_ablation_face_pointwise,42,1.8900225300166355e-16,1.1657341758564144e-15,7,1.8735013540549517e-16,6.869504964868156e-16,0,N/A,N/A,32,3.5305688494274845e-16,4.066191827689636e-15,0,N/A,N/A,42,1.8900225300166355e-16,1.1657341758564144e-15,7,0.02442653777564374,0.04927079106505,0,N/A,N/A,32,0.0018057966747889844,0.028892746796620995,0,N/A,N/A,1.0,face+pointwise,N/A,N/A,48,2304,0.35091177777364685,0.016579023144868435,0.07413659821269036,0.03200151228837691,27.815379992064916,0.40975924611811915,2.043388414082599,0.05379620409292309,4.066191827689636e-15,0.0857977163813,trained,N/A,N/A
R1,conforming_k1_P0,conforming_tri,1,P0,3,0.125,SMALL,0.11857445768845501,0.5613046223463769,0.5567328494052238,N/A,N/A,N/A,N/A,N/A,N/A,N/A,N/A,36.43354981500306,2753,1729,N/A,2000,500,10,32,12,N/A,0.0,1.0,loss_ablation_pointwise_only,42,1.8041124150158794e-16,1.6792123247455493e-15,7,3.836217058302996e-16,1.97758476261356e-15,0,N/A,N/A,32,1.4207114217706929e-16,9.08995101411847e-16,0,N/A,N/A,42,1.8041124150158794e-16,1.6792123247455493e-15,7,0.02442653777564412,0.04927079106505,0,N/A,N/A,32,0.001805796674788773,0.028892746796620992,0,N/A,N/A,0.0,pointwise_only,N/A,N/A,48,2304,0.42943868570414345,0.02028907081649272,0.10583224099980741,0.04792663553881923,26.33091823396964,0.38789105912725935,1.7249715961136083,0.048207393095518504,1.97758476261356e-15,0.048207393095518504,trained,N/A,N/A
R1,conforming_k1_P0,conforming_tri,1,P0,4,0.0625,SMALL,0.3442927995041692,0.28078780155722477,0.28018769283080774,N/A,N/A,N/A,N/A,N/A,N/A,N/A,N/A,20.721053349989234,2753,1729,N/A,2000,500,10,32,12,N/A,0.0,0.0,loss_ablation_face_only,210,4.625103210473401e-17,2.2898349882893854e-16,15,3.9898639947466563e-17,1.942890293094024e-16,0,N/A,N/A,64,2.7126230135818968e-17,2.0122792321330962e-16,0,N/A,N/A,210,4.625103210473401e-17,2.2898349882893854e-16,15,0.0031693792658447034,0.007641151262743229,0,N/A,N/A,64,8.982208590107874e-05,0.0028743067488337715,0,N/A,N/A,1.0,face_only,N/A,N/A,48,2304,0.1341826556924411,0.0032894229796223994,0.026512362397117392,0.0056255213960748575,21.083197720461207,0.31058483494239336,1.1502571069209535,0.029028044248474865,2.2898349882893854e-16,0.005625521396074858,reused production face-only run,N/A,N/A
R1,conforming_k1_P0,conforming_tri,1,P0,4,0.0625,SMALL,0.07969768478748307,0.28078780155722477,0.28018769283080774,N/A,N/A,N/A,N/A,N/A,N/A,N/A,N/A,43.981206116994144,2753,1729,N/A,2000,500,10,32,12,N/A,0.0,1.0,loss_ablation_face_pointwise,210,4.658145562396769e-17,2.2898349882893854e-16,15,3.804826823975797e-17,1.942890293094024e-16,0,N/A,N/A,64,2.8196879781148404e-17,2.0122792321330962e-16,0,N/A,N/A,210,4.658145562396769e-17,2.2898349882893854e-16,15,0.0031693792658447056,0.0076411512627432565,0,N/A,N/A,64,8.982208590107981e-05,0.0028743067488337715,0,N/A,N/A,1.0,face+pointwise,N/A,N/A,48,2304,0.15545434398952868,0.0038108881417085196,0.026039823365209908,0.007550500481255393,13.272539914059873,0.1955229786833511,0.8912797366981076,0.011504106491766444,2.2898349882893854e-16,0.019054606973021842,trained,N/A,N/A
R1,conforming_k1_P0,conforming_tri,1,P0,4,0.0625,SMALL,0.07903057683317345,0.28078780155722477,0.28018769283080774,N/A,N/A,N/A,N/A,N/A,N/A,N/A,N/A,33.83781280000403,2753,1729,N/A,2000,500,10,32,12,N/A,0.0,1.0,loss_ablation_pointwise_only,210,4.572235447396013e-17,2.2898349882893854e-16,15,3.804826823975797e-17,1.942890293094024e-16,0,N/A,N/A,64,2.848148285142585e-17,2.0122792321330962e-16,0,N/A,N/A,210,4.572235447396013e-17,2.2898349882893854e-16,15,0.0031693792658447056,0.0076411512627432565,0,N/A,N/A,64,8.98220859010801e-05,0.0028743067488337715,0,N/A,N/A,0.0,pointwise_only,N/A,N/A,48,2304,0.17947984024830826,0.004399861575589613,0.027942628891230753,0.010064712260720091,12.80490204220252,0.18863402221814318,0.7007071020262012,0.010707728084864287,2.2898349882893854e-16,0.010707728084864292,trained,N/A,N/A
R1,conforming_k1_P0,conforming_tri,1,P0,5,0.03125,SMALL,0.04256529971397852,0.14040778841329762,0.1403319658457428,N/A,N/A,N/A,N/A,N/A,N/A,N/A,N/A,30.90264410400414,2753,1729,N/A,2000,500,10,32,12,N/A,0.0,0.0,loss_ablation_face_only,930,2.3044192562224967e-17,1.6653345369377348e-16,31,2.3429259204775465e-17,8.326672684688674e-17,0,N/A,N/A,128,1.4424521105487506e-17,1.3574211199518516e-16,0,N/A,N/A,930,2.3044192562224967e-17,1.6653345369377348e-16,31,0.0004146113124420229,0.0009895450594768485,0,N/A,N/A,128,5.16845657082314e-06,0.0003307812205328785,0,N/A,N/A,1.0,face_only,N/A,N/A,48,2304,0.07406634287721738,0.0009258292859652172,0.006501951254324313,0.0020058227922461953,6.825000126803167,0.10054174731794929,0.5013923179390809,0.00299401818185895,1.6653345369377348e-16,0.002005822792246123,reused production face-only run,N/A,N/A
R1,conforming_k1_P0,conforming_tri,1,P0,5,0.03125,SMALL,0.03692861192525696,0.14040778841329762,0.1403319658457428,N/A,N/A,N/A,N/A,N/A,N/A,N/A,N/A,52.55412144999718,2753,1729,N/A,2000,500,10,32,12,N/A,0.0,1.0,loss_ablation_face_pointwise,930,2.30385966800444e-17,1.6653345369377348e-16,31,2.2981588630329838e-17,8.326672684688674e-17,0,N/A,N/A,128,1.4549881981681142e-17,1.3574211199518516e-16,0,N/A,N/A,930,2.30385966800444e-17,1.6653345369377348e-16,31,0.0004146113124420234,0.0009895450594768485,0,N/A,N/A,128,5.1684565708232656e-06,0.0003307812205328785,0,N/A,N/A,1.0,face+pointwise,N/A,N/A,48,2304,0.07516775246076678,0.0009395969057595846,0.007118791642935464,0.0020659218506126915,6.571713585317959,0.09681048417071018,0.39821677820049023,0.002775916258068898,1.6653345369377348e-16,0.004841838108681589,trained,N/A,N/A
R1,conforming_k1_P0,conforming_tri,1,P0,5,0.03125,SMALL,0.04593862347722485,0.14040778841329762,0.1403319658457428,N/A,N/A,N/A,N/A,N/A,N/A,N/A,N/A,32.3661047439964,2753,1729,N/A,2000,500,10,32,12,N/A,0.0,1.0,loss_ablation_pointwise_only,930,2.3022741680532782e-17,1.6653345369377348e-16,31,2.344324891022689e-17,8.326672684688674e-17,0,N/A,N/A,128,1.42856077021378e-17,1.3574211199518516e-16,0,N/A,N/A,930,2.3022741680532782e-17,1.6653345369377348e-16,31,0.0004146113124420229,0.0009895450594768485,0,N/A,N/A,128,5.168456570823001e-06,0.0003307812205328785,0,N/A,N/A,0.0,pointwise_only,N/A,N/A,48,2304,0.0800287480859516,0.001000359351074395,0.007824057225785733,0.002341762275949857,6.477265510033654,0.09541913261855287,0.3865412992390604,0.002696699192060894,1.6653345369377348e-16,0.0026966991920608953,trained,N/A,N/A
R1,conforming_k1_P0,conforming_tri,1,P0,6,0.015625,SMALL,0.031296321401818386,0.07020619062143045,0.07019668991736192,N/A,N/A,N/A,N/A,N/A,N/A,N/A,N/A,100.46558865900442,2753,1729,N/A,2000,500,10,32,12,N/A,0.0,0.0,loss_ablation_face_only,3906,1.4495975265794392e-17,9.141992718397773e-16,63,1.1961073252884725e-17,5.898059818321144e-17,0,N/A,N/A,256,1.0505362524268412e-17,4.3958977083424777e-16,0,N/A,N/A,3906,1.4495975265794392e-17,9.141992718397773e-16,63,5.247176082878467e-05,0.00012465577898428115,0,N/A,N/A,256,3.1256262216603913e-07,4.0008015636548365e-05,0,N/A,N/A,1.0,face_only,N/A,N/A,48,2304,0.03748472652247386,0.0002366580742407544,0.0019205677718005902,0.0005681439265113942,3.6582270115846334,0.05389077347940193,0.23473228314135985,0.0008564185486768223,9.141992718397773e-16,0.0005681439265116167,reused production face-only run,N/A,N/A
R1,conforming_k1_P0,conforming_tri,1,P0,6,0.015625,SMALL,0.030792893463159953,0.07020619062143045,0.07019668991736192,N/A,N/A,N/A,N/A,N/A,N/A,N/A,N/A,77.59422824598732,2753,1729,N/A,2000,500,10,32,12,N/A,0.0,1.0,loss_ablation_face_pointwise,3906,1.6144984038529128e-17,1.7789589246142157e-15,63,1.1959352297055384e-17,5.898059818321144e-17,0,N/A,N/A,256,1.306933125560718e-17,8.836789806843104e-16,0,N/A,N/A,3906,1.6144984038529128e-17,1.7789589246142157e-15,63,5.247176082878466e-05,0.00012465577898428115,0,N/A,N/A,256,3.1256262216860394e-07,4.000801563654847e-05,0,N/A,N/A,1.0,face+pointwise,N/A,N/A,48,2304,0.037819594741136366,0.00023877224913557694,0.002311558103241059,0.0005783402476505179,3.529209805786343,0.05199017053961628,0.22296544644479166,0.000797075967521712,1.7789589246142157e-15,0.0013754162151722298,trained,N/A,N/A
R1,conforming_k1_P0,conforming_tri,1,P0,6,0.015625,SMALL,0.038907759885873944,0.07020619062143045,0.07019668991736192,N/A,N/A,N/A,N/A,N/A,N/A,N/A,N/A,32.62181588400563,2753,1729,N/A,2000,500,10,32,12,N/A,0.0,1.0,loss_ablation_pointwise_only,3906,1.446245826315035e-17,2.194425197110661e-15,63,1.1754558553363678e-17,5.898059818321144e-17,0,N/A,N/A,256,1.2209804572380878e-17,8.9267785871594e-16,0,N/A,N/A,3906,1.446245826315035e-17,2.194425197110661e-15,63,5.2471760828784685e-05,0.00012465577898428115,0,N/A,N/A,256,3.1256262216774357e-07,4.0008015636548365e-05,0,N/A,N/A,0.0,pointwise_only,N/A,N/A,48,2304,0.04201699046907795,0.00026527231147978174,0.0031130097705834555,0.0007138378293176271,3.4699805764539584,0.051117641587420805,0.24495040158346879,0.0007705464929236106,2.194425197110661e-15,0.0007705464929236107,trained,N/A,N/A
R1,conforming_k1_P0,conforming_tri,1,P0,7,0.0078125,SMALL,0.03006025660087292,0.03510343471985616,0.0351022464558728,N/A,N/A,N/A,N/A,N/A,N/A,N/A,N/A,411.00918657500006,2753,1729,N/A,2000,500,10,32,12,N/A,0.0,0.0,loss_ablation_face_only,16002,5.971936928858141e-18,5.4860629927766524e-17,127,6.466556318674555e-18,3.469446951953614e-17,0,N/A,N/A,512,4.6121140433392135e-18,5.2150124496552763e-17,0,N/A,N/A,16002,5.971936928858141e-18,5.4860629927766524e-17,127,6.5829955521727925e-06,1.5611314498505807e-05,0,N/A,N/A,512,1.925522650597889e-08,4.929337985106328e-06,0,N/A,N/A,1.0,face_only,N/A,N/A,48,2304,0.023104675251656385,7.331013566695922e-05,0.0010566031767363572,0.0002285164036625678,2.273339193068903,0.03348944915325366,0.17400711259901686,0.00033054052531817193,5.4860629927766524e-17,0.0002285164036628596,reused production face-only run,N/A,N/A
R1,conforming_k1_P0,conforming_tri,1,P0,7,0.0078125,SMALL,0.031162268801418595,0.03510343471985616,0.0351022464558728,N/A,N/A,N/A,N/A,N/A,N/A,N/A,N/A,180.879081460007,2753,1729,N/A,2000,500,10,32,12,N/A,0.0,1.0,loss_ablation_face_pointwise,16002,6.002186623423402e-18,2.2724877535296173e-16,127,6.468583862107352e-18,3.469446951953614e-17,0,N/A,N/A,512,4.6136443274724366e-18,5.2150124496552763e-17,0,N/A,N/A,16002,6.002186623423402e-18,2.2724877535296173e-16,127,6.582995552172789e-06,1.5611314498505807e-05,0,N/A,N/A,512,1.9255226505980417e-08,4.929337985106328e-06,0,N/A,N/A,1.0,face+pointwise,N/A,N/A,48,2304,0.023790467330883993,7.548612428484284e-05,0.0009701401042711965,0.0002422833610683592,2.168759688330304,0.031948847549632946,0.17312150377601981,0.0003008285834453545,2.2724877535296173e-16,0.0005431119445137138,trained,N/A,N/A
R1,conforming_k1_P0,conforming_tri,1,P0,7,0.0078125,SMALL,0.035355956212300255,0.03510343471985616,0.0351022464558728,N/A,N/A,N/A,N/A,N/A,N/A,N/A,N/A,32.18408439900668,2753,1729,N/A,2000,500,10,32,12,N/A,0.0,1.0,loss_ablation_pointwise_only,16002,5.9746324860263684e-18,5.4860629927766524e-17,127,6.468157010858342e-18,3.469446951953614e-17,0,N/A,N/A,512,4.6033161503440995e-18,5.2150124496552763e-17,0,N/A,N/A,16002,5.9746324860263684e-18,5.4860629927766524e-17,127,6.582995552172791e-06,1.5611314498505807e-05,0,N/A,N/A,512,1.925522650597009e-08,4.929337985106328e-06,0,N/A,N/A,0.0,pointwise_only,N/A,N/A,48,2304,0.02640991528016965,8.379751937882506e-05,0.0012737279857865692,0.00029857377516963595,2.0717615766966238,0.030519930414248254,0.15830022861122123,0.0002745211331143753,5.4860629927766524e-17,0.0002745211331143756,trained,N/A,N/A
R2,conforming_k2_P1,conforming_tri,2,P1,3,0.125,SMALL,0.03495197538861365,0.044308307001076325,0.052241957804563595,0.030671060525717657,0.0007518862313616332,0.02312843009907217,0.11419614716720546,N/A,N/A,N/A,N/A,42.03176226899086,2753,1729,N/A,2000,500,10,32,12,N/A,0.0,1.0,canonical_face_plus_pointwise,210,4.920832260187543e-17,3.0184188481996443e-16,15,4.0043200237131295e-17,1.1102230246251565e-16,0,N/A,N/A,64,3.5719379385713845e-17,2.8622937353617317e-16,0,N/A,N/A,210,4.920832260187543e-17,3.0184188481996443e-16,15,0.005015464548397729,0.013081533968055947,0,N/A,N/A,64,0.0003507986906829173,0.011225558101852275,0,N/A,N/A,1.0,face+pointwise,N/A,N/A,48,2304,0.030671060525717657,0.0007518862313616332,0.005211747084646112,0.0002804940954289223,2.3877266780398223,0.035174535951291386,0.1633857630420188,0.00036488478879240823,3.0184188481996443e-16,0.0006453788842213292,trained canonical paper run,Beat-3 canonical,N/A
R2,conforming_k2_P1,conforming_tri,2,P1,4,0.0625,SMALL,0.030575217980061773,0.010740529048658498,0.012767760907762408,0.019826310401804676,0.0002478288800225585,0.018951799557935415,0.021812905244238723,N/A,N/A,N/A,N/A,51.119521961998544,2753,1729,N/A,2000,500,10,32,12,N/A,0.0,1.0,canonical_face_plus_pointwise,930,2.4532930384014204e-17,2.0296264668928643e-16,31,2.1007291448497362e-17,9.020562075079397e-17,0,N/A,N/A,128,1.9731950143644147e-17,1.6349768761081407e-16,0,N/A,N/A,930,2.4532930384014204e-17,2.0296264668928643e-16,31,0.0005077936835094354,0.001552672936573185,0,N/A,N/A,128,1.8597360828542455e-05,0.0011902310930283972,0,N/A,N/A,1.0,face+pointwise,N/A,N/A,48,2304,0.019826310401804676,0.0002478288800225585,0.0024401178464931524,0.00014209709126374568,1.4813311814611914,0.021822069241547677,0.10418065929060932,0.00014039118736655567,2.0296264668928643e-16,0.0002824882786303022,trained canonical paper run,Beat-3 canonical,N/A
R2,conforming_k2_P1,conforming_tri,2,P1,5,0.03125,SMALL,0.03125773669031403,0.0026649289401681144,0.0031768126350363406,0.01880361389917336,0.00011871574016892053,0.018758390257938996,0.005037176563584321,N/A,N/A,N/A,N/A,78.97107888999744,2753,1729,N/A,2000,500,10,32,12,N/A,0.0,1.0,canonical_face_plus_pointwise,3906,1.411764602652901e-17,1.7753268473363892e-15,63,1.2983966373949919e-17,5.204170427930421e-17,0,N/A,N/A,256,2.906533339754538e-17,1.7816694300454294e-15,0,N/A,N/A,3906,1.411764602652901e-17,1.7753268473363892e-15,63,5.946297571626015e-05,0.00018875170092078758,0,N/A,N/A,256,1.110466046532597e-06,0.00014213965416805417,0,N/A,N/A,1.0,face+pointwise,N/A,N/A,48,2304,0.01880361389917336,0.00011871574016892053,0.0017969604037991634,0.00014257259065960664,1.4482802551676555,0.02133518311432568,0.13120499623593398,0.00013414255678308182,1.7816694300454294e-15,0.00027671514744268786,trained canonical paper run,Beat-3 canonical,N/A
R2,conforming_k2_P1,conforming_tri,2,P1,6,0.015625,SMALL,0.02951432635084238,0.0006637322050116913,0.0007923780576824604,0.017149716801831222,5.441530996208416e-05,0.017146839386332855,0.0012277416094934918,N/A,N/A,N/A,N/A,209.79396870499477,2753,1729,N/A,2000,500,10,32,12,N/A,0.0,1.0,canonical_face_plus_pointwise,16002,5.905406783712959e-18,5.572799166575493e-17,127,5.483424518493709e-18,2.42861286636753e-17,0,N/A,N/A,512,4.819976776455547e-18,5.637851296924623e-17,0,N/A,N/A,16002,5.905406783712959e-18,5.572799166575493e-17,127,7.3291199423352755e-06,2.3370638427767237e-05,0,N/A,N/A,512,6.85844018921396e-08,1.7557606891305014e-05,0,N/A,N/A,1.0,face+pointwise,N/A,N/A,48,2304,0.017149716801831222,5.441530996208416e-05,0.0010430857645639274,0.00012581707440012128,1.3636319730975215,0.02008819615041769,0.12034888500032376,0.00011891157660515121,5.637851296924623e-17,0.00024472865100527263,trained canonical paper run,Beat-3 canonical,N/A
R2,conforming_k2_P1,conforming_tri,2,P1,7,0.0078125,SMALL,0.030240295536522147,0.00016558980375475083,0.00019784100235916094,0.01723809994965141,2.7418630809369076e-05,0.017237824137878537,0.000304133255341855,N/A,N/A,N/A,N/A,1050.7070920560072,2753,1729,N/A,2000,500,10,32,12,N/A,0.0,1.0,canonical_face_plus_pointwise,64770,3.062554649106082e-18,8.867168643496379e-16,255,3.2849282982143876e-18,1.3877787807814457e-17,0,N/A,N/A,1024,4.780792940033226e-18,1.7754026567851685e-15,0,N/A,N/A,64770,3.062554649106082e-18,8.867168643496379e-16,255,9.186476865823436e-07,2.9637078604913107e-06,0,N/A,N/A,1024,4.273404531205102e-09,2.18798311908477e-06,0,N/A,N/A,1.0,face+pointwise,N/A,N/A,48,2304,0.01723809994965141,2.7418630809369076e-05,0.0004929914923005638,0.000131107828987058,1.3987068807097915,0.020604898338378686,0.12490385576327642,0.00012510262456591421,1.7754026567851685e-15,0.0002562104535529726,trained canonical paper run,Beat-3 canonical,N/A
R1,conforming_k1_P0,conforming_tri,1,P0,6,0.015625,LARGE,0.04953807264361314,0.07020619062143045,0.07019668991736192,N/A,N/A,N/A,N/A,N/A,N/A,N/A,N/A,N/A,20929,1729,N/A,N/A,N/A,N/A,N/A,N/A,N/A,0.0,0.0,diagnostic_probe6_face_only,N/A,N/A,N/A,N/A,N/A,N/A,N/A,N/A,N/A,N/A,N/A,N/A,N/A,N/A,N/A,N/A,N/A,N/A,N/A,N/A,N/A,N/A,N/A,N/A,N/A,N/A,N/A,N/A,N/A,N/A,1.0,face_only,N/A,N/A,N/A,N/A,0.0427720666518273,0.0002700394497756256,0.0021827172632098227,0.0007397247416174715,N/A,N/A,N/A,N/A,4.566659550508945e-16,0.0007397247416174716,single authorized capacity diagnostic; no LARGE sweep,N/A,Larger capacity fits the face data slightly worse and the exact solution substantially worse.
